{
  "accuracy": 0.9833333333333333,
  "precision_weighted": 0.984051724137931,
  "recall_weighted": 0.9833333333333333,
  "f1_weighted": 0.9834015700229122,
  "per_class": {
    "Low": {
      "precision": 1.0,
      "recall": 0.9933333333333333,
      "f1": 0.9966555183946488,
      "support": 150
    },
    "Medium": {
      "precision": 0.9885057471264368,
      "recall": 0.9555555555555556,
      "f1": 0.9717514124293786,
      "support": 90
    },
    "High": {
      "precision": 0.9375,
      "recall": 1.0,
      "f1": 0.967741935483871,
      "support": 60
    }
  }
}